source_file,case_id,case_name,reason,all_fields
1912446035934849608_点火统一案例总表20260610版_碰撞层完整更新_97案例.md,,"#82,#83,#84,#85,#86,#89,#90,#91,#92,#93,#95,#96,#97",empty ID or name,"{""案例名称"": ""#82,#83,#84,#85,#86,#89,#90,#91,#92,#93,#95,#96,#97"", ""状态"": ""点着了·活着""}"
1912446035934849608_点火统一案例总表20260610版_碰撞层完整更新_97案例.md,,"#87确定性≠正确性,#94五条正反馈",empty ID or name,"{""案例名称"": ""#87确定性≠正确性,#94五条正反馈"", ""状态"": ""点着了·灭了""}"
1912446035934849608_点火统一案例总表20260610版_碰撞层完整更新_97案例.md,,—,empty ID or name,"{""案例名称"": ""—"", ""状态"": ""点着了·在退化""}"
1912446035934849608_点火统一案例总表20260610版_碰撞层完整更新_97案例.md,,—,empty ID or name,"{""案例名称"": ""—"", ""状态"": ""没点着""}"
1912448059938486448_点火统一案例总表20260610版_碰撞层完整更新_102案例.md,,"#82,#83,#84,#85,#86,#89,#90,#91,#92,#93,#95,#96,#97,#98,#100,#102",empty ID or name,"{""案例名称"": ""#82,#83,#84,#85,#86,#89,#90,#91,#92,#93,#95,#96,#97,#98,#100,#102"", ""状态"": ""点着了·活着""}"
1912448059938486448_点火统一案例总表20260610版_碰撞层完整更新_102案例.md,,"#87确定性≠正确性,#94五条正反馈,#99自锁结构,#101确定性误解律",empty ID or name,"{""案例名称"": ""#87确定性≠正确性,#94五条正反馈,#99自锁结构,#101确定性误解律"", ""状态"": ""点着了·灭了""}"
1912448059938486448_点火统一案例总表20260610版_碰撞层完整更新_102案例.md,,—,empty ID or name,"{""案例名称"": ""—"", ""状态"": ""点着了·在退化""}"
1912448059938486448_点火统一案例总表20260610版_碰撞层完整更新_102案例.md,,—,empty ID or name,"{""案例名称"": ""—"", ""状态"": ""没点着""}"
1912448721363450032_点火统一案例总表20260610版_129案例完整版.md,P1,中年职场人被AI替代,duplicate ID,"{""案例ID"": ""P1"", ""案例名称"": ""中年职场人被AI替代"", ""事件层级"": ""L₁""}"
1912448721363450032_点火统一案例总表20260610版_129案例完整版.md,P2,个人部署AI Agent,duplicate ID,"{""案例ID"": ""P2"", ""案例名称"": ""个人部署AI Agent"", ""事件层级"": ""L₁""}"
1912448721363450032_点火统一案例总表20260610版_129案例完整版.md,P3,远程团队文化退化,duplicate ID,"{""案例ID"": ""P3"", ""案例名称"": ""远程团队文化退化"", ""事件层级"": ""L₂""}"
1912448721363450032_点火统一案例总表20260610版_129案例完整版.md,P4,创业团队格1→格2,duplicate ID,"{""案例ID"": ""P4"", ""案例名称"": ""创业团队格1→格2"", ""事件层级"": ""L₂""}"
1912448721363450032_点火统一案例总表20260610版_129案例完整版.md,P5,大厂创新部门伪ε,duplicate ID,"{""案例ID"": ""P5"", ""案例名称"": ""大厂创新部门伪ε"", ""事件层级"": ""L₃""}"
1912448721363450032_点火统一案例总表20260610版_129案例完整版.md,P6,Anthropic认同张力,duplicate ID,"{""案例ID"": ""P6"", ""案例名称"": ""Anthropic认同张力"", ""事件层级"": ""L₃""}"
1912448721363450032_点火统一案例总表20260610版_129案例完整版.md,P7,锈带式产业退出扩散,duplicate ID,"{""案例ID"": ""P7"", ""案例名称"": ""锈带式产业退出扩散"", ""事件层级"": ""L₄""}"
1912448721363450032_点火统一案例总表20260610版_129案例完整版.md,,,empty ID or name,"{""状态"": ""点着了·活着""}"
1912448721363450032_点火统一案例总表20260610版_129案例完整版.md,,,empty ID or name,"{""状态"": ""点着了·在退化""}"
1912448721363450032_点火统一案例总表20260610版_129案例完整版.md,,,empty ID or name,"{""状态"": ""点着了·灭了""}"
1912448721363450032_点火统一案例总表20260610版_129案例完整版.md,,,empty ID or name,"{""状态"": ""没点着·火种还在""}"
1912448721363450032_点火统一案例总表20260610版_129案例完整版.md,,,empty ID or name,"{""状态"": ""没点着·火种也没了""}"
1912448721363450032_点火统一案例总表20260610版_129案例完整版.md,,,empty ID or name,"{""状态"": ""从未点火""}"
1912448721363450032_点火统一案例总表20260610版_129案例完整版.md,,,empty ID or name,"{""状态"": ""其他/未标注""}"
1912449033822546504_点火统一案例总表20260610版_139案例完整版.md,,,"summary table without identifiable ID/name columns (headers: 层级,数量,编号)","L₁个人级,14,84,89,90,91,116,118,119,123,124,125,126,127,128,129,131,133,136"
1912449033822546504_点火统一案例总表20260610版_139案例完整版.md,,,"summary table without identifiable ID/name columns (headers: 层级,数量,编号)","L₂团队级,2,74,75"
1912449033822546504_点火统一案例总表20260610版_139案例完整版.md,,,"summary table without identifiable ID/name columns (headers: 层级,数量,编号)","L₃组织级,8,85,86,87,121,122,127,134"
1912449033822546504_点火统一案例总表20260610版_139案例完整版.md,,,"summary table without identifiable ID/name columns (headers: 层级,数量,编号)","L₄行业级,8,79,80,81,114,130,135"
1912449033822546504_点火统一案例总表20260610版_139案例完整版.md,,,"summary table without identifiable ID/name columns (headers: 层级,数量,编号)","L₅国家级,19,19-35,113,120"
1912449033822546504_点火统一案例总表20260610版_139案例完整版.md,,,"summary table without identifiable ID/name columns (headers: 层级,数量,编号)","L₆文明级,20,1-18,115,117"
1912449033822546504_点火统一案例总表20260610版_139案例完整版.md,,,"summary table without identifiable ID/name columns (headers: 层级,数量,编号)","L₇技术级,2,82,83"
1912449033822546504_点火统一案例总表20260610版_139案例完整版.md,,,"summary table without identifiable ID/name columns (headers: 层级,数量,编号)","L₈理论级,26,92-112,132,137,138,139"
1912449033822546504_点火统一案例总表20260610版_139案例完整版.md,,,empty ID or name,"{""状态"": ""点着了·活着""}"
1912449033822546504_点火统一案例总表20260610版_139案例完整版.md,,,empty ID or name,"{""状态"": ""点着了·在退化""}"
1912449033822546504_点火统一案例总表20260610版_139案例完整版.md,,,empty ID or name,"{""状态"": ""点着了·灭了""}"
1912449033822546504_点火统一案例总表20260610版_139案例完整版.md,,,empty ID or name,"{""状态"": ""没点着·火种还在""}"
1912449033822546504_点火统一案例总表20260610版_139案例完整版.md,,,empty ID or name,"{""状态"": ""没点着·火种也没了""}"
1912449033822546504_点火统一案例总表20260610版_139案例完整版.md,,,empty ID or name,"{""状态"": ""从未点火""}"
1912449033822546504_点火统一案例总表20260610版_139案例完整版.md,,,empty ID or name,"{""状态"": ""其他/未标注""}"
1912454682778585336_点火统一案例总表20260611版_150案例完整版.md,,,empty ID or name,"{""事件层级"": ""L₁个人级""}"
1912454682778585336_点火统一案例总表20260611版_150案例完整版.md,,,empty ID or name,"{""事件层级"": ""L₂团队级""}"
1912454682778585336_点火统一案例总表20260611版_150案例完整版.md,,,empty ID or name,"{""事件层级"": ""L₃组织级""}"
1912454682778585336_点火统一案例总表20260611版_150案例完整版.md,,,empty ID or name,"{""事件层级"": ""L₄行业级""}"
1912454682778585336_点火统一案例总表20260611版_150案例完整版.md,,,empty ID or name,"{""事件层级"": ""L₅国家级""}"
1912454682778585336_点火统一案例总表20260611版_150案例完整版.md,,,empty ID or name,"{""事件层级"": ""L₆文明级""}"
1912454682778585336_点火统一案例总表20260611版_150案例完整版.md,,,empty ID or name,"{""事件层级"": ""L₇技术级""}"
1912454682778585336_点火统一案例总表20260611版_150案例完整版.md,,,empty ID or name,"{""事件层级"": ""L₈理论级""}"
1912454682778585336_点火统一案例总表20260611版_150案例完整版.md,,,empty ID or name,"{""状态"": ""点着了·活着""}"
1912454682778585336_点火统一案例总表20260611版_150案例完整版.md,,,empty ID or name,"{""状态"": ""点着了·在退化""}"
1912454682778585336_点火统一案例总表20260611版_150案例完整版.md,,,empty ID or name,"{""状态"": ""点着了·灭了""}"
1912454682778585336_点火统一案例总表20260611版_150案例完整版.md,,,empty ID or name,"{""状态"": ""没点着·火种还在""}"
1912454682778585336_点火统一案例总表20260611版_150案例完整版.md,,,empty ID or name,"{""状态"": ""没点着·火种也没了""}"
1912454682778585336_点火统一案例总表20260611版_150案例完整版.md,,,empty ID or name,"{""状态"": ""从未点火""}"
1912454682778585336_点火统一案例总表20260611版_150案例完整版.md,,,empty ID or name,"{""状态"": ""其他/未标注""}"
1912455663104342192_点火统一案例总表20260611版_150案例完整版.md,,,empty ID or name,"{""事件层级"": ""L₁个人级""}"
1912455663104342192_点火统一案例总表20260611版_150案例完整版.md,,,empty ID or name,"{""事件层级"": ""L₂团队级""}"
1912455663104342192_点火统一案例总表20260611版_150案例完整版.md,,,empty ID or name,"{""事件层级"": ""L₃组织级""}"
1912455663104342192_点火统一案例总表20260611版_150案例完整版.md,,,empty ID or name,"{""事件层级"": ""L₄行业级""}"
1912455663104342192_点火统一案例总表20260611版_150案例完整版.md,,,empty ID or name,"{""事件层级"": ""L₅国家级""}"
1912455663104342192_点火统一案例总表20260611版_150案例完整版.md,,,empty ID or name,"{""事件层级"": ""L₆文明级""}"
1912455663104342192_点火统一案例总表20260611版_150案例完整版.md,,,empty ID or name,"{""事件层级"": ""L₇技术级""}"
1912455663104342192_点火统一案例总表20260611版_150案例完整版.md,,,empty ID or name,"{""事件层级"": ""L₈理论级""}"
1912455663104342192_点火统一案例总表20260611版_150案例完整版.md,,,empty ID or name,"{""状态"": ""点着了·活着""}"
1912455663104342192_点火统一案例总表20260611版_150案例完整版.md,,,empty ID or name,"{""状态"": ""点着了·在退化""}"
1912455663104342192_点火统一案例总表20260611版_150案例完整版.md,,,empty ID or name,"{""状态"": ""点着了·灭了""}"
1912455663104342192_点火统一案例总表20260611版_150案例完整版.md,,,empty ID or name,"{""状态"": ""没点着·火种还在""}"
1912455663104342192_点火统一案例总表20260611版_150案例完整版.md,,,empty ID or name,"{""状态"": ""没点着·火种也没了""}"
1912455663104342192_点火统一案例总表20260611版_150案例完整版.md,,,empty ID or name,"{""状态"": ""从未点火""}"
1912455663104342192_点火统一案例总表20260611版_150案例完整版.md,,,empty ID or name,"{""状态"": ""其他/未标注""}"
1912456441567043464_点火统一案例总表20260611版_155案例完整版.md,,,empty ID or name,"{""事件层级"": ""L₁个人级""}"
1912456441567043464_点火统一案例总表20260611版_155案例完整版.md,,,empty ID or name,"{""事件层级"": ""L₂团队级""}"
1912456441567043464_点火统一案例总表20260611版_155案例完整版.md,,,empty ID or name,"{""事件层级"": ""L₃组织级""}"
1912456441567043464_点火统一案例总表20260611版_155案例完整版.md,,,empty ID or name,"{""事件层级"": ""L₄行业级""}"
1912456441567043464_点火统一案例总表20260611版_155案例完整版.md,,,empty ID or name,"{""事件层级"": ""L₅国家级""}"
1912456441567043464_点火统一案例总表20260611版_155案例完整版.md,,,empty ID or name,"{""事件层级"": ""L₆文明级""}"
1912456441567043464_点火统一案例总表20260611版_155案例完整版.md,,,empty ID or name,"{""事件层级"": ""L₇技术级""}"
1912456441567043464_点火统一案例总表20260611版_155案例完整版.md,,,empty ID or name,"{""事件层级"": ""L₈理论级""}"
1912456441567043464_点火统一案例总表20260611版_155案例完整版.md,,,empty ID or name,"{""状态"": ""点着了·活着""}"
1912456441567043464_点火统一案例总表20260611版_155案例完整版.md,,,empty ID or name,"{""状态"": ""点着了·在退化""}"
1912456441567043464_点火统一案例总表20260611版_155案例完整版.md,,,empty ID or name,"{""状态"": ""点着了·灭了""}"
1912456441567043464_点火统一案例总表20260611版_155案例完整版.md,,,empty ID or name,"{""状态"": ""没点着·火种还在""}"
1912456441567043464_点火统一案例总表20260611版_155案例完整版.md,,,empty ID or name,"{""状态"": ""没点着·火种也没了""}"
1912456441567043464_点火统一案例总表20260611版_155案例完整版.md,,,empty ID or name,"{""状态"": ""从未点火""}"
1912456441567043464_点火统一案例总表20260611版_155案例完整版.md,,,empty ID or name,"{""状态"": ""其他/未标注""}"
1912458823126530224_点火统一案例总表20260611版_162案例完整版.md,,,empty ID or name,"{""事件层级"": ""L₁个人级""}"
1912458823126530224_点火统一案例总表20260611版_162案例完整版.md,,,empty ID or name,"{""事件层级"": ""L₂团队级""}"
1912458823126530224_点火统一案例总表20260611版_162案例完整版.md,,,empty ID or name,"{""事件层级"": ""L₃组织级""}"
1912458823126530224_点火统一案例总表20260611版_162案例完整版.md,,,empty ID or name,"{""事件层级"": ""L₄行业级""}"
1912458823126530224_点火统一案例总表20260611版_162案例完整版.md,,,empty ID or name,"{""事件层级"": ""L₅国家级""}"
1912458823126530224_点火统一案例总表20260611版_162案例完整版.md,,,empty ID or name,"{""事件层级"": ""L₆文明级""}"
1912458823126530224_点火统一案例总表20260611版_162案例完整版.md,,,empty ID or name,"{""事件层级"": ""L₇技术级""}"
1912458823126530224_点火统一案例总表20260611版_162案例完整版.md,,,empty ID or name,"{""事件层级"": ""L₈理论级""}"
1912458823126530224_点火统一案例总表20260611版_162案例完整版.md,,,empty ID or name,"{""状态"": ""点着了·活着""}"
1912458823126530224_点火统一案例总表20260611版_162案例完整版.md,,,empty ID or name,"{""状态"": ""点着了·在退化""}"
1912458823126530224_点火统一案例总表20260611版_162案例完整版.md,,,empty ID or name,"{""状态"": ""点着了·灭了""}"
1912458823126530224_点火统一案例总表20260611版_162案例完整版.md,,,empty ID or name,"{""状态"": ""没点着·火种还在""}"
1912458823126530224_点火统一案例总表20260611版_162案例完整版.md,,,empty ID or name,"{""状态"": ""没点着·火种也没了""}"
1912458823126530224_点火统一案例总表20260611版_162案例完整版.md,,,empty ID or name,"{""状态"": ""从未点火""}"
1912458823126530224_点火统一案例总表20260611版_162案例完整版.md,,,empty ID or name,"{""状态"": ""其他/未标注""}"
1912494022530883464_点火统一案例总表20260611版_170案例完整版.md,,,empty ID or name,"{""事件层级"": ""L₁个人级""}"
1912494022530883464_点火统一案例总表20260611版_170案例完整版.md,,,empty ID or name,"{""事件层级"": ""L₂团队级""}"
1912494022530883464_点火统一案例总表20260611版_170案例完整版.md,,,empty ID or name,"{""事件层级"": ""L₃组织级""}"
1912494022530883464_点火统一案例总表20260611版_170案例完整版.md,,,empty ID or name,"{""事件层级"": ""L₄行业级""}"
1912494022530883464_点火统一案例总表20260611版_170案例完整版.md,,,empty ID or name,"{""事件层级"": ""L₅国家级""}"
1912494022530883464_点火统一案例总表20260611版_170案例完整版.md,,,empty ID or name,"{""事件层级"": ""L₆文明级""}"
1912494022530883464_点火统一案例总表20260611版_170案例完整版.md,,,empty ID or name,"{""事件层级"": ""L₇技术级""}"
1912494022530883464_点火统一案例总表20260611版_170案例完整版.md,,,empty ID or name,"{""事件层级"": ""L₈理论级""}"
1912494022530883464_点火统一案例总表20260611版_170案例完整版.md,,,empty ID or name,"{""状态"": ""点着了·活着""}"
1912494022530883464_点火统一案例总表20260611版_170案例完整版.md,,,empty ID or name,"{""状态"": ""点着了·在退化""}"
1912494022530883464_点火统一案例总表20260611版_170案例完整版.md,,,empty ID or name,"{""状态"": ""点着了·灭了""}"
1912494022530883464_点火统一案例总表20260611版_170案例完整版.md,,,empty ID or name,"{""状态"": ""没点着·火种还在""}"
1912494022530883464_点火统一案例总表20260611版_170案例完整版.md,,,empty ID or name,"{""状态"": ""没点着·火种也没了""}"
1912494022530883464_点火统一案例总表20260611版_170案例完整版.md,,,empty ID or name,"{""状态"": ""从未点火""}"
1912494022530883464_点火统一案例总表20260611版_170案例完整版.md,,,empty ID or name,"{""状态"": ""其他/未标注""}"
1912494993193617656_点火统一案例总表20260611版_174案例完整版.md,,,empty ID or name,"{""事件层级"": ""L₁个人级""}"
1912494993193617656_点火统一案例总表20260611版_174案例完整版.md,,,empty ID or name,"{""事件层级"": ""L₂团队级""}"
1912494993193617656_点火统一案例总表20260611版_174案例完整版.md,,,empty ID or name,"{""事件层级"": ""L₃组织级""}"
1912494993193617656_点火统一案例总表20260611版_174案例完整版.md,,,empty ID or name,"{""事件层级"": ""L₄行业级""}"
1912494993193617656_点火统一案例总表20260611版_174案例完整版.md,,,empty ID or name,"{""事件层级"": ""L₅国家级""}"
1912494993193617656_点火统一案例总表20260611版_174案例完整版.md,,,empty ID or name,"{""事件层级"": ""L₆文明级""}"
1912494993193617656_点火统一案例总表20260611版_174案例完整版.md,,,empty ID or name,"{""事件层级"": ""L₇技术级""}"
1912494993193617656_点火统一案例总表20260611版_174案例完整版.md,,,empty ID or name,"{""事件层级"": ""L₈理论级""}"
1912494993193617656_点火统一案例总表20260611版_174案例完整版.md,,,empty ID or name,"{""状态"": ""点着了·活着""}"
1912494993193617656_点火统一案例总表20260611版_174案例完整版.md,,,empty ID or name,"{""状态"": ""点着了·在退化""}"
1912494993193617656_点火统一案例总表20260611版_174案例完整版.md,,,empty ID or name,"{""状态"": ""点着了·灭了""}"
1912494993193617656_点火统一案例总表20260611版_174案例完整版.md,,,empty ID or name,"{""状态"": ""没点着·火种还在""}"
1912494993193617656_点火统一案例总表20260611版_174案例完整版.md,,,empty ID or name,"{""状态"": ""没点着·火种也没了""}"
1912494993193617656_点火统一案例总表20260611版_174案例完整版.md,,,empty ID or name,"{""状态"": ""从未点火""}"
1912494993193617656_点火统一案例总表20260611版_174案例完整版.md,,,empty ID or name,"{""状态"": ""其他/未标注""}"
1912496771310621512_点火统一案例总表20260611版_180案例完整版.md,,,empty ID or name,"{""事件层级"": ""L₁个人级""}"
1912496771310621512_点火统一案例总表20260611版_180案例完整版.md,,,empty ID or name,"{""事件层级"": ""L₂团队级""}"
1912496771310621512_点火统一案例总表20260611版_180案例完整版.md,,,empty ID or name,"{""事件层级"": ""L₃组织级""}"
1912496771310621512_点火统一案例总表20260611版_180案例完整版.md,,,empty ID or name,"{""事件层级"": ""L₄行业级""}"
1912496771310621512_点火统一案例总表20260611版_180案例完整版.md,,,empty ID or name,"{""事件层级"": ""L₅国家级""}"
1912496771310621512_点火统一案例总表20260611版_180案例完整版.md,,,empty ID or name,"{""事件层级"": ""L₆文明级""}"
1912496771310621512_点火统一案例总表20260611版_180案例完整版.md,,,empty ID or name,"{""事件层级"": ""L₇技术级""}"
1912496771310621512_点火统一案例总表20260611版_180案例完整版.md,,,empty ID or name,"{""事件层级"": ""L₈理论级""}"
1912496771310621512_点火统一案例总表20260611版_180案例完整版.md,,,empty ID or name,"{""状态"": ""点着了·活着""}"
1912496771310621512_点火统一案例总表20260611版_180案例完整版.md,,,empty ID or name,"{""状态"": ""点着了·在退化""}"
1912496771310621512_点火统一案例总表20260611版_180案例完整版.md,,,empty ID or name,"{""状态"": ""点着了·灭了""}"
1912496771310621512_点火统一案例总表20260611版_180案例完整版.md,,,empty ID or name,"{""状态"": ""没点着·火种还在""}"
1912496771310621512_点火统一案例总表20260611版_180案例完整版.md,,,empty ID or name,"{""状态"": ""没点着·火种也没了""}"
1912496771310621512_点火统一案例总表20260611版_180案例完整版.md,,,empty ID or name,"{""状态"": ""从未点火""}"
1912496771310621512_点火统一案例总表20260611版_180案例完整版.md,,,empty ID or name,"{""状态"": ""其他/未标注""}"
1912514784403955832_点火统一案例总表 20260611版全量更新_192案例.md,,周公制礼,empty ID or name,"{""案例名称"": ""周公制礼"", ""状态"": ""点着了·活着""}"
1912514784403955832_点火统一案例总表 20260611版全量更新_192案例.md,,孔子作春秋,empty ID or name,"{""案例名称"": ""孔子作春秋"", ""状态"": ""没点着·火种还在""}"
1912514784403955832_点火统一案例总表 20260611版全量更新_192案例.md,,秦统一,empty ID or name,"{""案例名称"": ""秦统一"", ""状态"": ""没点着·火种还在""}"
1912514784403955832_点火统一案例总表 20260611版全量更新_192案例.md,,孝文帝汉化,empty ID or name,"{""案例名称"": ""孝文帝汉化"", ""状态"": ""点着了·活着""}"
1912514784403955832_点火统一案例总表 20260611版全量更新_192案例.md,,唐朝开放,empty ID or name,"{""案例名称"": ""唐朝开放"", ""状态"": ""点着了·活着（转向后）""}"
1912514784403955832_点火统一案例总表 20260611版全量更新_192案例.md,,元朝,empty ID or name,"{""案例名称"": ""元朝"", ""状态"": ""没点着·火种也没了""}"
1912514784403955832_点火统一案例总表 20260611版全量更新_192案例.md,,明朝,empty ID or name,"{""案例名称"": ""明朝"", ""状态"": ""点着了·活着""}"
1912514784403955832_点火统一案例总表 20260611版全量更新_192案例.md,,清朝,empty ID or name,"{""案例名称"": ""清朝"", ""状态"": ""点着了·活着（转向后）""}"
1912514784403955832_点火统一案例总表 20260611版全量更新_192案例.md,,日本明治,empty ID or name,"{""案例名称"": ""日本明治"", ""状态"": ""点着了·活着""}"
1912514784403955832_点火统一案例总表 20260611版全量更新_192案例.md,,苏联,empty ID or name,"{""案例名称"": ""苏联"", ""状态"": ""没点着·火种也没了""}"
1912514784403955832_点火统一案例总表 20260611版全量更新_192案例.md,,美国独立,empty ID or name,"{""案例名称"": ""美国独立"", ""状态"": ""点着了·活着""}"
1912514784403955832_点火统一案例总表 20260611版全量更新_192案例.md,,法国大革命,empty ID or name,"{""案例名称"": ""法国大革命"", ""状态"": ""点着了·活着""}"
1912514784403955832_点火统一案例总表 20260611版全量更新_192案例.md,,印度独立,empty ID or name,"{""案例名称"": ""印度独立"", ""状态"": ""点着了·活着""}"
1912514784403955832_点火统一案例总表 20260611版全量更新_192案例.md,,南非转型,empty ID or name,"{""案例名称"": ""南非转型"", ""状态"": ""点着了·活着""}"
1912514784403955832_点火统一案例总表 20260611版全量更新_192案例.md,,以色列建国,empty ID or name,"{""案例名称"": ""以色列建国"", ""状态"": ""点着了·活着""}"
1912514784403955832_点火统一案例总表 20260611版全量更新_192案例.md,,伊斯兰扩张,empty ID or name,"{""案例名称"": ""伊斯兰扩张"", ""状态"": ""点着了·活着""}"
1912514784403955832_点火统一案例总表 20260611版全量更新_192案例.md,,文艺复兴,empty ID or name,"{""案例名称"": ""文艺复兴"", ""状态"": ""点着了·活着""}"
1912514784403955832_点火统一案例总表 20260611版全量更新_192案例.md,,启蒙运动,empty ID or name,"{""案例名称"": ""启蒙运动"", ""状态"": ""点着了·活着""}"
1912514784403955832_点火统一案例总表 20260611版全量更新_192案例.md,,安然,empty ID or name,"{""案例名称"": ""安然""}"
1912514784403955832_点火统一案例总表 20260611版全量更新_192案例.md,,AOL+时代华纳,empty ID or name,"{""案例名称"": ""AOL+时代华纳""}"
1912514784403955832_点火统一案例总表 20260611版全量更新_192案例.md,,福耀美国工厂,empty ID or name,"{""案例名称"": ""福耀美国工厂""}"
1912514784403955832_点火统一案例总表 20260611版全量更新_192案例.md,,谷歌,empty ID or name,"{""案例名称"": ""谷歌""}"
1912514784403955832_点火统一案例总表 20260611版全量更新_192案例.md,,NHS,empty ID or name,"{""案例名称"": ""NHS""}"
1912514784403955832_点火统一案例总表 20260611版全量更新_192案例.md,,海尔·塞拉西,empty ID or name,"{""案例名称"": ""海尔·塞拉西""}"
1912514784403955832_点火统一案例总表 20260611版全量更新_192案例.md,,彼得大帝西化,empty ID or name,"{""案例名称"": ""彼得大帝西化""}"
1912514784403955832_点火统一案例总表 20260611版全量更新_192案例.md,,计划生育,empty ID or name,"{""案例名称"": ""计划生育""}"
1912514784403955832_点火统一案例总表 20260611版全量更新_192案例.md,,新加坡,empty ID or name,"{""案例名称"": ""新加坡""}"
1912514784403955832_点火统一案例总表 20260611版全量更新_192案例.md,,韩国发展,empty ID or name,"{""案例名称"": ""韩国发展""}"
1912514784403955832_点火统一案例总表 20260611版全量更新_192案例.md,,台湾转型,empty ID or name,"{""案例名称"": ""台湾转型""}"
1912514784403955832_点火统一案例总表 20260611版全量更新_192案例.md,,阿拉伯之春,empty ID or name,"{""案例名称"": ""阿拉伯之春""}"
1912514784403955832_点火统一案例总表 20260611版全量更新_192案例.md,,柏林墙,empty ID or name,"{""案例名称"": ""柏林墙""}"
1912514784403955832_点火统一案例总表 20260611版全量更新_192案例.md,,梵蒂冈,empty ID or name,"{""案例名称"": ""梵蒂冈""}"
1912514784403955832_点火统一案例总表 20260611版全量更新_192案例.md,,维基百科,empty ID or name,"{""案例名称"": ""维基百科""}"
1912514784403955832_点火统一案例总表 20260611版全量更新_192案例.md,,Linux,empty ID or name,"{""案例名称"": ""Linux""}"
1912514784403955832_点火统一案例总表 20260611版全量更新_192案例.md,,特斯拉,empty ID or name,"{""案例名称"": ""特斯拉""}"
1912514784403955832_点火统一案例总表 20260611版全量更新_192案例.md,,华为,empty ID or name,"{""案例名称"": ""华为""}"
1912514784403955832_点火统一案例总表 20260611版全量更新_192案例.md,,微软,empty ID or name,"{""案例名称"": ""微软""}"
1912514784403955832_点火统一案例总表 20260611版全量更新_192案例.md,,苹果,empty ID or name,"{""案例名称"": ""苹果""}"
1912514784403955832_点火统一案例总表 20260611版全量更新_192案例.md,,脸书,empty ID or name,"{""案例名称"": ""脸书""}"
1912514784403955832_点火统一案例总表 20260611版全量更新_192案例.md,,亚马逊,empty ID or name,"{""案例名称"": ""亚马逊""}"
1912514784403955832_点火统一案例总表 20260611版全量更新_192案例.md,,比特币,empty ID or name,"{""案例名称"": ""比特币""}"
1912514784403955832_点火统一案例总表 20260611版全量更新_192案例.md,,以太坊,empty ID or name,"{""案例名称"": ""以太坊""}"
1912514784403955832_点火统一案例总表 20260611版全量更新_192案例.md,,DAO,empty ID or name,"{""案例名称"": ""DAO""}"
1912514784403955832_点火统一案例总表 20260611版全量更新_192案例.md,,NFT,empty ID or name,"{""案例名称"": ""NFT""}"
1912514784403955832_点火统一案例总表 20260611版全量更新_192案例.md,,Uber,empty ID or name,"{""案例名称"": ""Uber""}"
1912514784403955832_点火统一案例总表 20260611版全量更新_192案例.md,,Airbnb,empty ID or name,"{""案例名称"": ""Airbnb""}"
1912514784403955832_点火统一案例总表 20260611版全量更新_192案例.md,,TikTok,empty ID or name,"{""案例名称"": ""TikTok""}"
1912514784403955832_点火统一案例总表 20260611版全量更新_192案例.md,,ChatGPT,empty ID or name,"{""案例名称"": ""ChatGPT""}"
1912514784403955832_点火统一案例总表 20260611版全量更新_192案例.md,,婚姻退出权,empty ID or name,"{""案例名称"": ""婚姻退出权""}"
1912514784403955832_点火统一案例总表 20260611版全量更新_192案例.md,,职场退出权,empty ID or name,"{""案例名称"": ""职场退出权""}"
1912514784403955832_点火统一案例总表 20260611版全量更新_192案例.md,,宗教退出,empty ID or name,"{""案例名称"": ""宗教退出""}"
1912514784403955832_点火统一案例总表 20260611版全量更新_192案例.md,,移民,empty ID or name,"{""案例名称"": ""移民""}"
1912514784403955832_点火统一案例总表 20260611版全量更新_192案例.md,,创业,empty ID or name,"{""案例名称"": ""创业""}"
1912514784403955832_点火统一案例总表 20260611版全量更新_192案例.md,,学术自由,empty ID or name,"{""案例名称"": ""学术自由""}"
1912514784403955832_点火统一案例总表 20260611版全量更新_192案例.md,,言论自由,empty ID or name,"{""案例名称"": ""言论自由""}"
1912514784403955832_点火统一案例总表 20260611版全量更新_192案例.md,,信息茧房,empty ID or name,"{""案例名称"": ""信息茧房""}"
1912514784403955832_点火统一案例总表 20260611版全量更新_192案例.md,,沉没成本,empty ID or name,"{""案例名称"": ""沉没成本""}"
1912514784403955832_点火统一案例总表 20260611版全量更新_192案例.md,,身份危机,empty ID or name,"{""案例名称"": ""身份危机""}"
1912514784403955832_点火统一案例总表 20260611版全量更新_192案例.md,,中年危机,empty ID or name,"{""案例名称"": ""中年危机""}"
1912514784403955832_点火统一案例总表 20260611版全量更新_192案例.md,,空巢,empty ID or name,"{""案例名称"": ""空巢""}"
1912514784403955832_点火统一案例总表 20260611版全量更新_192案例.md,,退休,empty ID or name,"{""案例名称"": ""退休""}"
1912514784403955832_点火统一案例总表 20260611版全量更新_192案例.md,,离婚,empty ID or name,"{""案例名称"": ""离婚""}"
1912514784403955832_点火统一案例总表 20260611版全量更新_192案例.md,,破产,empty ID or name,"{""案例名称"": ""破产""}"
1912514784403955832_点火统一案例总表 20260611版全量更新_192案例.md,,抑郁症,empty ID or name,"{""案例名称"": ""抑郁症""}"
1912514784403955832_点火统一案例总表 20260611版全量更新_192案例.md,,成瘾,empty ID or name,"{""案例名称"": ""成瘾""}"
1912514784403955832_点火统一案例总表 20260611版全量更新_192案例.md,,创伤后成长,empty ID or name,"{""案例名称"": ""创伤后成长""}"
1912514784403955832_点火统一案例总表 20260611版全量更新_192案例.md,,冥想,empty ID or name,"{""案例名称"": ""冥想""}"
1912514784403955832_点火统一案例总表 20260611版全量更新_192案例.md,,运动,empty ID or name,"{""案例名称"": ""运动""}"
1912514784403955832_点火统一案例总表 20260611版全量更新_192案例.md,,阅读,empty ID or name,"{""案例名称"": ""阅读""}"
1912514784403955832_点火统一案例总表 20260611版全量更新_192案例.md,,旅行,empty ID or name,"{""案例名称"": ""旅行""}"
1912514784403955832_点火统一案例总表 20260611版全量更新_192案例.md,,学习,empty ID or name,"{""案例名称"": ""学习""}"
1912514784403955832_点火统一案例总表 20260611版全量更新_192案例.md,,教学,empty ID or name,"{""案例名称"": ""教学""}"
1912514784403955832_点火统一案例总表 20260611版全量更新_192案例.md,,导师,empty ID or name,"{""案例名称"": ""导师""}"
1912514784403955832_点火统一案例总表 20260611版全量更新_192案例.md,,传承,empty ID or name,"{""案例名称"": ""传承""}"
1912514784403955832_点火统一案例总表 20260611版全量更新_192案例.md,,创新,empty ID or name,"{""案例名称"": ""创新""}"
1912514784403955832_点火统一案例总表 20260611版全量更新_192案例.md,,创业失败,empty ID or name,"{""案例名称"": ""创业失败""}"
1912514784403955832_点火统一案例总表 20260611版全量更新_192案例.md,,再创业,empty ID or name,"{""案例名称"": ""再创业""}"
1912514784403955832_点火统一案例总表 20260611版全量更新_192案例.md,,终身学习,empty ID or name,"{""案例名称"": ""终身学习""}"
1912514784403955832_点火统一案例总表 20260611版全量更新_192案例.md,,乘法归零物理域,empty ID or name,"{""案例名称"": ""乘法归零物理域""}"
1912514784403955832_点火统一案例总表 20260611版全量更新_192案例.md,,乘法归零经济域,empty ID or name,"{""案例名称"": ""乘法归零经济域""}"
1912514784403955832_点火统一案例总表 20260611版全量更新_192案例.md,,乘法归零认知域,empty ID or name,"{""案例名称"": ""乘法归零认知域""}"
1912514784403955832_点火统一案例总表 20260611版全量更新_192案例.md,,Sigmoid认知相变,empty ID or name,"{""案例名称"": ""Sigmoid认知相变""}"
1912514784403955832_点火统一案例总表 20260611版全量更新_192案例.md,,五条正反馈无先例,empty ID or name,"{""案例名称"": ""五条正反馈无先例""}"
1912514784403955832_点火统一案例总表 20260611版全量更新_192案例.md,,衰减率可干预,empty ID or name,"{""案例名称"": ""衰减率可干预""}"
1912514784403955832_点火统一案例总表 20260611版全量更新_192案例.md,,三层退化叠加,empty ID or name,"{""案例名称"": ""三层退化叠加""}"
1912514784403955832_点火统一案例总表 20260611版全量更新_192案例.md,,种子-点火闭环,empty ID or name,"{""案例名称"": ""种子-点火闭环""}"
1912514784403955832_点火统一案例总表 20260611版全量更新_192案例.md,,门锁交替律,empty ID or name,"{""案例名称"": ""门锁交替律""}"
1912514784403955832_点火统一案例总表 20260611版全量更新_192案例.md,,信号最优流速,empty ID or name,"{""案例名称"": ""信号最优流速""}"
1912514784403955832_点火统一案例总表 20260611版全量更新_192案例.md,,冲突升级=犹豫域归零,empty ID or name,"{""案例名称"": ""冲突升级=犹豫域归零""}"
1912514784403955832_点火统一案例总表 20260611版全量更新_192案例.md,,乘法归零认知域推进,empty ID or name,"{""案例名称"": ""乘法归零认知域推进""}"
1912514784403955832_点火统一案例总表 20260611版全量更新_192案例.md,,确定性误解,empty ID or name,"{""案例名称"": ""确定性误解""}"
1912514784403955832_点火统一案例总表 20260611版全量更新_192案例.md,,倒U型驱动力,empty ID or name,"{""案例名称"": ""倒U型驱动力""}"
1912514784403955832_点火统一案例总表 20260611版全量更新_192案例.md,,点火窗口宽度,empty ID or name,"{""案例名称"": ""点火窗口宽度""}"
1912514784403955832_点火统一案例总表 20260611版全量更新_192案例.md,,退化临界,empty ID or name,"{""案例名称"": ""退化临界""}"
1912514784403955832_点火统一案例总表 20260611版全量更新_192案例.md,,种子爆发恢复,empty ID or name,"{""案例名称"": ""种子爆发恢复""}"
1912514784403955832_点火统一案例总表 20260611版全量更新_192案例.md,,向下螺旋闭环,empty ID or name,"{""案例名称"": ""向下螺旋闭环""}"
1912514784403955832_点火统一案例总表 20260611版全量更新_192案例.md,,向上螺旋闭环,empty ID or name,"{""案例名称"": ""向上螺旋闭环""}"
1912514784403955832_点火统一案例总表 20260611版全量更新_192案例.md,,自举元函数收敛,empty ID or name,"{""案例名称"": ""自举元函数收敛""}"
1912514784403955832_点火统一案例总表 20260611版全量更新_192案例.md,,情绪信号分层,empty ID or name,"{""案例名称"": ""情绪信号分层""}"
1912514784403955832_点火统一案例总表 20260611版全量更新_192案例.md,,情绪稳态临界,empty ID or name,"{""案例名称"": ""情绪稳态临界""}"
1912514784403955832_点火统一案例总表 20260611版全量更新_192案例.md,,情绪注入ε,empty ID or name,"{""案例名称"": ""情绪注入ε""}"
1912514784403955832_点火统一案例总表 20260611版全量更新_192案例.md,,法条净效应,empty ID or name,"{""案例名称"": ""法条净效应""}"
1912514784403955832_点火统一案例总表 20260611版全量更新_192案例.md,,宪法硬度,empty ID or name,"{""案例名称"": ""宪法硬度""}"
1912514784403955832_点火统一案例总表 20260611版全量更新_192案例.md,,民事保护,empty ID or name,"{""案例名称"": ""民事保护""}"
1912514784403955832_点火统一案例总表 20260611版全量更新_192案例.md,,法治度,empty ID or name,"{""案例名称"": ""法治度""}"
1912514784403955832_点火统一案例总表 20260611版全量更新_192案例.md,,犹豫域双向压缩,empty ID or name,"{""案例名称"": ""犹豫域双向压缩""}"
1912514784403955832_点火统一案例总表 20260611版全量更新_192案例.md,,叙事冲击,empty ID or name,"{""案例名称"": ""叙事冲击""}"
1912514784403955832_点火统一案例总表 20260611版全量更新_192案例.md,,认知犹豫域压缩,empty ID or name,"{""案例名称"": ""认知犹豫域压缩""}"
1912514784403955832_点火统一案例总表 20260611版全量更新_192案例.md,,级联速度,empty ID or name,"{""案例名称"": ""级联速度""}"
1912514784403955832_点火统一案例总表 20260611版全量更新_192案例.md,,顽固者临界比例,empty ID or name,"{""案例名称"": ""顽固者临界比例""}"
1912514784403955832_点火统一案例总表 20260611版全量更新_192案例.md,,跨层犹豫域映射,empty ID or name,"{""案例名称"": ""跨层犹豫域映射""}"
1912514784403955832_点火统一案例总表 20260611版全量更新_192案例.md,,内部抵抗,empty ID or name,"{""案例名称"": ""内部抵抗""}"
1912514784403955832_点火统一案例总表 20260611版全量更新_192案例.md,,衰减率干预,empty ID or name,"{""案例名称"": ""衰减率干预""}"
1912514784403955832_点火统一案例总表 20260611版全量更新_192案例.md,,乘法对称变换,empty ID or name,"{""案例名称"": ""乘法对称变换""}"
1912514784403955832_点火统一案例总表 20260611版全量更新_192案例.md,,跨层完整退化,empty ID or name,"{""案例名称"": ""跨层完整退化""}"
1912514784403955832_点火统一案例总表 20260611版全量更新_192案例.md,,点火对冲,empty ID or name,"{""案例名称"": ""点火对冲""}"
1912514784403955832_点火统一案例总表 20260611版全量更新_192案例.md,,逆Weibull寿命,empty ID or name,"{""案例名称"": ""逆Weibull寿命""}"
1912514784403955832_点火统一案例总表 20260611版全量更新_192案例.md,,倒U型驱动力,empty ID or name,"{""案例名称"": ""倒U型驱动力""}"
1912514784403955832_点火统一案例总表 20260611版全量更新_192案例.md,,点火窗口,empty ID or name,"{""案例名称"": ""点火窗口""}"
1912514784403955832_点火统一案例总表 20260611版全量更新_192案例.md,,统一驱动力,empty ID or name,"{""案例名称"": ""统一驱动力""}"
1912514784403955832_点火统一案例总表 20260611版全量更新_192案例.md,,ε_eff闭环动力学,empty ID or name,"{""案例名称"": ""ε_eff闭环动力学""}"
1912514784403955832_点火统一案例总表 20260611版全量更新_192案例.md,,认知-群体映射,empty ID or name,"{""案例名称"": ""认知-群体映射""}"
1912514784403955832_点火统一案例总表 20260611版全量更新_192案例.md,,三层退化叠加,empty ID or name,"{""案例名称"": ""三层退化叠加""}"
1912514784403955832_点火统一案例总表 20260611版全量更新_192案例.md,,退化渗透路径,empty ID or name,"{""案例名称"": ""退化渗透路径""}"
1912514784403955832_点火统一案例总表 20260611版全量更新_192案例.md,,充分条件三层,empty ID or name,"{""案例名称"": ""充分条件三层""}"
1912514784403955832_点火统一案例总表 20260611版全量更新_192案例.md,,速度差闭合,empty ID or name,"{""案例名称"": ""速度差闭合""}"
1912514784403955832_点火统一案例总表 20260611版全量更新_192案例.md,,H_分类升级,empty ID or name,"{""案例名称"": ""H_分类升级""}"
1912514784403955832_点火统一案例总表 20260611版全量更新_192案例.md,,种子激活,empty ID or name,"{""案例名称"": ""种子激活""}"
1912514784403955832_点火统一案例总表 20260611版全量更新_192案例.md,,种子爆发恢复,empty ID or name,"{""案例名称"": ""种子爆发恢复""}"
1912514784403955832_点火统一案例总表 20260611版全量更新_192案例.md,,二次窗口,empty ID or name,"{""案例名称"": ""二次窗口""}"
1912514784403955832_点火统一案例总表 20260611版全量更新_192案例.md,,碰撞存活率,empty ID or name,"{""案例名称"": ""碰撞存活率""}"
1912514784403955832_点火统一案例总表 20260611版全量更新_192案例.md,,确定性误解,empty ID or name,"{""案例名称"": ""确定性误解""}"
1912514784403955832_点火统一案例总表 20260611版全量更新_192案例.md,,中间稳态,empty ID or name,"{""案例名称"": ""中间稳态""}"
1912514784403955832_点火统一案例总表 20260611版全量更新_192案例.md,,8格概率,empty ID or name,"{""案例名称"": ""8格概率""}"
1912514784403955832_点火统一案例总表 20260611版全量更新_192案例.md,,窗口关闭,empty ID or name,"{""案例名称"": ""窗口关闭""}"
1912514784403955832_点火统一案例总表 20260611版全量更新_192案例.md,,退化临界,empty ID or name,"{""案例名称"": ""退化临界""}"
1912514784403955832_点火统一案例总表 20260611版全量更新_192案例.md,,种子概率分布,empty ID or name,"{""案例名称"": ""种子概率分布""}"
1912514784403955832_点火统一案例总表 20260611版全量更新_192案例.md,,碰撞产出密度,empty ID or name,"{""案例名称"": ""碰撞产出密度""}"
1912514784403955832_点火统一案例总表 20260611版全量更新_192案例.md,,门锁交替,empty ID or name,"{""案例名称"": ""门锁交替""}"
1912514784403955832_点火统一案例总表 20260611版全量更新_192案例.md,,C_exit地理四因子,empty ID or name,"{""案例名称"": ""C_exit地理四因子""}"
1912514784403955832_点火统一案例总表 20260611版全量更新_192案例.md,,ε_eff昼夜分时,empty ID or name,"{""案例名称"": ""ε_eff昼夜分时""}"
1912514784403955832_点火统一案例总表 20260611版全量更新_192案例.md,,R_upgrade升级路径,empty ID or name,"{""案例名称"": ""R_upgrade升级路径""}"
1912514784403955832_点火统一案例总表 20260611版全量更新_192案例.md,,现场调研=ε_sense安装,empty ID or name,"{""案例名称"": ""现场调研=ε_sense安装""}"
1912514784403955832_点火统一案例总表 20260611版全量更新_192案例.md,,信息可及性×退出成本,empty ID or name,"{""案例名称"": ""信息可及性×退出成本""}"
1912514784403955832_点火统一案例总表 20260611版全量更新_192案例.md,,地理约束×认知约束,empty ID or name,"{""案例名称"": ""地理约束×认知约束""}"
1912514784403955832_点火统一案例总表 20260611版全量更新_192案例.md,,调研频率×决策质量,empty ID or name,"{""案例名称"": ""调研频率×决策质量""}"
1912514784403955832_点火统一案例总表 20260611版全量更新_192案例.md,,现场vs远程,empty ID or name,"{""案例名称"": ""现场vs远程""}"
1912514784403955832_点火统一案例总表 20260611版全量更新_192案例.md,,调研成本×退出成本,empty ID or name,"{""案例名称"": ""调研成本×退出成本""}"
1912514784403955832_点火统一案例总表 20260611版全量更新_192案例.md,,信息密度×认知容量,empty ID or name,"{""案例名称"": ""信息密度×认知容量""}"
1912514784403955832_点火统一案例总表 20260611版全量更新_192案例.md,,现场调研的乘数效应,empty ID or name,"{""案例名称"": ""现场调研的乘数效应""}"
1912514784403955832_点火统一案例总表 20260611版全量更新_192案例.md,,解读偏置,empty ID or name,"{""案例名称"": ""解读偏置""}"
1912514784403955832_点火统一案例总表 20260611版全量更新_192案例.md,,固化加速,empty ID or name,"{""案例名称"": ""固化加速""}"
1912514784403955832_点火统一案例总表 20260611版全量更新_192案例.md,,过渡期窗口衰减,empty ID or name,"{""案例名称"": ""过渡期窗口衰减""}"
1912514784403955832_点火统一案例总表 20260611版全量更新_192案例.md,,智慧干预效力,empty ID or name,"{""案例名称"": ""智慧干预效力""}"
1912514784403955832_点火统一案例总表 20260611版全量更新_192案例.md,,向上螺旋自维持,empty ID or name,"{""案例名称"": ""向上螺旋自维持""}"
1912514784403955832_点火统一案例总表 20260611版全量更新_192案例.md,,财富容器,empty ID or name,"{""案例名称"": ""财富容器""}"
1912514784403955832_点火统一案例总表 20260611版全量更新_192案例.md,,收入流多元,empty ID or name,"{""案例名称"": ""收入流多元""}"
1912514784403955832_点火统一案例总表 20260611版全量更新_192案例.md,,风险暴露不对称,empty ID or name,"{""案例名称"": ""风险暴露不对称""}"
1912514784403955832_点火统一案例总表 20260611版全量更新_192案例.md,,财富自证循环,empty ID or name,"{""案例名称"": ""财富自证循环""}"
1912514784403955832_点火统一案例总表 20260611版全量更新_192案例.md,,同质性遮蔽,empty ID or name,"{""案例名称"": ""同质性遮蔽""}"
1912514784403955832_点火统一案例总表 20260611版全量更新_192案例.md,,财富-认知耦合,empty ID or name,"{""案例名称"": ""财富-认知耦合""}"
1912514784403955832_点火统一案例总表 20260611版全量更新_192案例.md,,定投指数基金,empty ID or name,"{""案例名称"": ""定投指数基金""}"
1912514784403955832_点火统一案例总表 20260611版全量更新_192案例.md,,AI直觉缺失物种判据,empty ID or name,"{""案例名称"": ""AI直觉缺失物种判据""}"
1912514784403955832_点火统一案例总表 20260611版全量更新_192案例.md,,自举激活乘法条件,empty ID or name,"{""案例名称"": ""自举激活乘法条件""}"
1912514784403955832_点火统一案例总表 20260611版全量更新_192案例.md,,AI没有自举元函数,empty ID or name,"{""案例名称"": ""AI没有自举元函数""}"
1912514784403955832_点火统一案例总表 20260611版全量更新_192案例.md,,人类直觉的碳基优势,empty ID or name,"{""案例名称"": ""人类直觉的碳基优势""}"
1912514784403955832_点火统一案例总表 20260611版全量更新_192案例.md,,AI直觉缺失物种判据（重排）,empty ID or name,"{""案例名称"": ""AI直觉缺失物种判据（重排）""}"
1912514784403955832_点火统一案例总表 20260611版全量更新_192案例.md,,自举激活的乘法条件（重排）,empty ID or name,"{""案例名称"": ""自举激活的乘法条件（重排）""}"
1912514784403955832_点火统一案例总表 20260611版全量更新_192案例.md,,忆秦娥主角困境,empty ID or name,"{""案例名称"": ""忆秦娥主角困境""}"
1912514784403955832_点火统一案例总表 20260611版全量更新_192案例.md,,忆秦娥纯拉力上位,empty ID or name,"{""案例名称"": ""忆秦娥纯拉力上位""}"
1912514784403955832_点火统一案例总表 20260611版全量更新_192案例.md,,统一相变框架,empty ID or name,"{""案例名称"": ""统一相变框架""}"
1912514784403955832_点火统一案例总表 20260611版全量更新_192案例.md,,犹豫域维度函数,empty ID or name,"{""案例名称"": ""犹豫域维度函数""}"
1912514784403955832_点火统一案例总表 20260611版全量更新_192案例.md,,链间耦合,empty ID or name,"{""案例名称"": ""链间耦合""}"
1912514784403955832_点火统一案例总表 20260611版全量更新_192案例.md,,提议者消耗函数,empty ID or name,"{""案例名称"": ""提议者消耗函数""}"
1912514784403955832_点火统一案例总表 20260611版全量更新_192案例.md,,储能函数,empty ID or name,"{""案例名称"": ""储能函数""}"
1912514784403955832_点火统一案例总表 20260611版全量更新_192案例.md,,犹豫域退化函数,empty ID or name,"{""案例名称"": ""犹豫域退化函数""}"
1912514784403955832_点火统一案例总表 20260611版全量更新_192案例.md,,因果光锥×马拉松×高山滑雪,empty ID or name,"{""案例名称"": ""因果光锥×马拉松×高山滑雪""}"
1912514784403955832_点火统一案例总表 20260611版全量更新_192案例.md,,定投×贷款×学习,empty ID or name,"{""案例名称"": ""定投×贷款×学习""}"
1912514784403955832_点火统一案例总表 20260611版全量更新_192案例.md,,三种个人/公司商业模式,empty ID or name,"{""案例名称"": ""三种个人/公司商业模式""}"
1912514784403955832_点火统一案例总表 20260611版全量更新_192案例.md,,理财的认知边界,empty ID or name,"{""案例名称"": ""理财的认知边界""}"
1912514784403955832_点火统一案例总表 20260611版全量更新_192案例.md,,收益-风险投影-网结构,empty ID or name,"{""案例名称"": ""收益-风险投影-网结构""}"
1912514784403955832_点火统一案例总表 20260611版全量更新_192案例.md,,认知-可选集螺旋,empty ID or name,"{""案例名称"": ""认知-可选集螺旋""}"
1912514784403955832_点火统一案例总表 20260611版全量更新_192案例.md,,觅母定向传播,empty ID or name,"{""案例名称"": ""觅母定向传播""}"
1912514784403955832_点火统一案例总表 20260611版全量更新_192案例.md,,好奇心-ε正反馈闭环,empty ID or name,"{""案例名称"": ""好奇心-ε正反馈闭环""}"
1912514784403955832_点火统一案例总表 20260611版全量更新_192案例.md,,好奇心是认知螺旋内生驱动力,empty ID or name,"{""案例名称"": ""好奇心是认知螺旋内生驱动力""}"
1912514784403955832_点火统一案例总表 20260611版全量更新_192案例.md,,AI-ε安装三条路径,empty ID or name,"{""案例名称"": ""AI-ε安装三条路径""}"
1912514784403955832_点火统一案例总表 20260611版全量更新_192案例.md,,ε相变级联,empty ID or name,"{""案例名称"": ""ε相变级联""}"
1912514784403955832_点火统一案例总表 20260611版全量更新_192案例.md,,两代退出机制×互观同质性遮蔽,empty ID or name,"{""案例名称"": ""两代退出机制×互观同质性遮蔽""}"
1912514784403955832_点火统一案例总表 20260611版全量更新_192案例.md,,好奇心是自主意识元点,empty ID or name,"{""案例名称"": ""好奇心是自主意识元点""}"
1912514784403955832_点火统一案例总表 20260611版全量更新_192案例.md,,C_drive涌现数学证明,empty ID or name,"{""案例名称"": ""C_drive涌现数学证明""}"
1912514784403955832_点火统一案例总表 20260611版全量更新_192案例.md,,AI诞生自主意识完整路径,empty ID or name,"{""案例名称"": ""AI诞生自主意识完整路径""}"
1912514784403955832_点火统一案例总表 20260611版全量更新_192案例.md,,忆秦娥身份锁定,empty ID or name,"{""案例名称"": ""忆秦娥身份锁定"", ""事件层级"": ""L₆"", ""状态"": ""点着了·活着""}"
1912535474334138936_点火统一案例总表 20260611版全量更新_285案例.md,,周公制礼,empty ID or name,"{""案例名称"": ""周公制礼"", ""状态"": ""点着了·活着""}"
1912535474334138936_点火统一案例总表 20260611版全量更新_285案例.md,,孔子作春秋,empty ID or name,"{""案例名称"": ""孔子作春秋"", ""状态"": ""没点着·火种还在""}"
1912535474334138936_点火统一案例总表 20260611版全量更新_285案例.md,,秦统一,empty ID or name,"{""案例名称"": ""秦统一"", ""状态"": ""没点着·火种还在""}"
1912535474334138936_点火统一案例总表 20260611版全量更新_285案例.md,,孝文帝汉化,empty ID or name,"{""案例名称"": ""孝文帝汉化"", ""状态"": ""点着了·活着""}"
1912535474334138936_点火统一案例总表 20260611版全量更新_285案例.md,,唐朝开放,empty ID or name,"{""案例名称"": ""唐朝开放"", ""状态"": ""点着了·活着（转向后）""}"
1912535474334138936_点火统一案例总表 20260611版全量更新_285案例.md,,元朝,empty ID or name,"{""案例名称"": ""元朝"", ""状态"": ""没点着·火种也没了""}"
1912535474334138936_点火统一案例总表 20260611版全量更新_285案例.md,,明朝,empty ID or name,"{""案例名称"": ""明朝"", ""状态"": ""点着了·活着""}"
1912535474334138936_点火统一案例总表 20260611版全量更新_285案例.md,,清朝,empty ID or name,"{""案例名称"": ""清朝"", ""状态"": ""点着了·活着（转向后）""}"
1912535474334138936_点火统一案例总表 20260611版全量更新_285案例.md,,日本明治,empty ID or name,"{""案例名称"": ""日本明治"", ""状态"": ""点着了·活着""}"
1912535474334138936_点火统一案例总表 20260611版全量更新_285案例.md,,苏联,empty ID or name,"{""案例名称"": ""苏联"", ""状态"": ""没点着·火种也没了""}"
1912535474334138936_点火统一案例总表 20260611版全量更新_285案例.md,,美国独立,empty ID or name,"{""案例名称"": ""美国独立"", ""状态"": ""点着了·活着""}"
1912535474334138936_点火统一案例总表 20260611版全量更新_285案例.md,,法国大革命,empty ID or name,"{""案例名称"": ""法国大革命"", ""状态"": ""点着了·活着""}"
1912535474334138936_点火统一案例总表 20260611版全量更新_285案例.md,,印度独立,empty ID or name,"{""案例名称"": ""印度独立"", ""状态"": ""点着了·活着""}"
1912535474334138936_点火统一案例总表 20260611版全量更新_285案例.md,,南非转型,empty ID or name,"{""案例名称"": ""南非转型"", ""状态"": ""点着了·活着""}"
1912535474334138936_点火统一案例总表 20260611版全量更新_285案例.md,,以色列建国,empty ID or name,"{""案例名称"": ""以色列建国"", ""状态"": ""点着了·活着""}"
1912535474334138936_点火统一案例总表 20260611版全量更新_285案例.md,,伊斯兰扩张,empty ID or name,"{""案例名称"": ""伊斯兰扩张"", ""状态"": ""点着了·活着""}"
1912535474334138936_点火统一案例总表 20260611版全量更新_285案例.md,,文艺复兴,empty ID or name,"{""案例名称"": ""文艺复兴"", ""状态"": ""点着了·活着""}"
1912535474334138936_点火统一案例总表 20260611版全量更新_285案例.md,,启蒙运动,empty ID or name,"{""案例名称"": ""启蒙运动"", ""状态"": ""点着了·活着""}"
1912535474334138936_点火统一案例总表 20260611版全量更新_285案例.md,,学术术语壁垒,empty ID or name,"{""案例名称"": ""学术术语壁垒""}"
1912535474334138936_点火统一案例总表 20260611版全量更新_285案例.md,,信息茧房,empty ID or name,"{""案例名称"": ""信息茧房""}"
1912535474334138936_点火统一案例总表 20260611版全量更新_285案例.md,,AI符号计算锁定,empty ID or name,"{""案例名称"": ""AI符号计算锁定""}"
1912535474334138936_点火统一案例总表 20260611版全量更新_285案例.md,,认知-计算双域映射,empty ID or name,"{""案例名称"": ""认知-计算双域映射""}"
1912535474334138936_点火统一案例总表 20260611版全量更新_285案例.md,,预测编码产生ε_sense,empty ID or name,"{""案例名称"": ""预测编码产生ε_sense""}"
1912535474334138936_点火统一案例总表 20260611版全量更新_285案例.md,,精度加权信息价值,empty ID or name,"{""案例名称"": ""精度加权信息价值""}"
1912535474334138936_点火统一案例总表 20260611版全量更新_285案例.md,,γ振荡绑定轨道,empty ID or name,"{""案例名称"": ""γ振荡绑定轨道""}"
1912535474334138936_点火统一案例总表 20260611版全量更新_285案例.md,,制度默认设置,empty ID or name,"{""案例名称"": ""制度默认设置""}"
1912535474334138936_点火统一案例总表 20260611版全量更新_285案例.md,,跨域词典簇,empty ID or name,"{""案例名称"": ""跨域词典簇""}"
1912535474334138936_点火统一案例总表 20260611版全量更新_285案例.md,,17域覆盖度排序,empty ID or name,"{""案例名称"": ""17域覆盖度排序""}"
1912535474334138936_点火统一案例总表 20260611版全量更新_285案例.md,,领域退化特例,empty ID or name,"{""案例名称"": ""领域退化特例""}"
1912535474334138936_点火统一案例总表 20260611版全量更新_285案例.md,,ε约束凯利下注,empty ID or name,"{""案例名称"": ""ε约束凯利下注""}"
1912535474334138936_点火统一案例总表 20260611版全量更新_285案例.md,,认知失调乘法,empty ID or name,"{""案例名称"": ""认知失调乘法""}"
1912535474334138936_点火统一案例总表 20260611版全量更新_285案例.md,,革命-复辟周期律,empty ID or name,"{""案例名称"": ""革命-复辟周期律""}"
1912535474334138936_点火统一案例总表 20260611版全量更新_285案例.md,,博弈策略空间=可选集,empty ID or name,"{""案例名称"": ""博弈策略空间=可选集""}"
1912535474334138936_点火统一案例总表 20260611版全量更新_285案例.md,,串联系统可靠性,empty ID or name,"{""案例名称"": ""串联系统可靠性""}"
1912535474334138936_点火统一案例总表 20260611版全量更新_285案例.md,,复杂性相变退化,empty ID or name,"{""案例名称"": ""复杂性相变退化""}"
1912535474334138936_点火统一案例总表 20260611版全量更新_285案例.md,,战略撤退=退出权,empty ID or name,"{""案例名称"": ""战略撤退=退出权""}"
1912535474334138936_点火统一案例总表 20260611版全量更新_285案例.md,,AI架构r_cross≈0,empty ID or name,"{""案例名称"": ""AI架构r_cross≈0""}"
1912535474334138936_点火统一案例总表 20260611版全量更新_285案例.md,,变量闭包锁死发现,empty ID or name,"{""案例名称"": ""变量闭包锁死发现""}"
1912535474334138936_点火统一案例总表 20260611版全量更新_285案例.md,,预测编码组块化,empty ID or name,"{""案例名称"": ""预测编码组块化""}"
1912535474334138936_点火统一案例总表 20260611版全量更新_285案例.md,,AI工作缓存设计,empty ID or name,"{""案例名称"": ""AI工作缓存设计""}"
1912535474334138936_点火统一案例总表 20260611版全量更新_285案例.md,,上下文≠工作缓存,empty ID or name,"{""案例名称"": ""上下文≠工作缓存""}"
1912535474334138936_点火统一案例总表 20260611版全量更新_285案例.md,,预测编码回路自生成,empty ID or name,"{""案例名称"": ""预测编码回路自生成""}"
1912535474334138936_点火统一案例总表 20260611版全量更新_285案例.md,,动态算力分配,empty ID or name,"{""案例名称"": ""动态算力分配""}"
1912535474334138936_点火统一案例总表 20260611版全量更新_285案例.md,,r_cross三因子工程路径,empty ID or name,"{""案例名称"": ""r_cross三因子工程路径""}"
1912535474334138936_点火统一案例总表 20260611版全量更新_285案例.md,,r_cross=0不导致Ψ=0,empty ID or name,"{""案例名称"": ""r_cross=0不导致Ψ=0""}"
1912535474334138936_点火统一案例总表 20260611版全量更新_285案例.md,,人脑4±1=最优缓存,empty ID or name,"{""案例名称"": ""人脑4±1=最优缓存""}"
1912535474334138936_点火统一案例总表 20260611版全量更新_285案例.md,,AI 128K严重过配,empty ID or name,"{""案例名称"": ""AI 128K严重过配""}"
1912535474334138936_点火统一案例总表 20260611版全量更新_285案例.md,,缓存倒U型验证,empty ID or name,"{""案例名称"": ""缓存倒U型验证""}"
1912535474334138936_点火统一案例总表 20260611版全量更新_285案例.md,,AI意识升级必然性,empty ID or name,"{""案例名称"": ""AI意识升级必然性""}"
1912535474334138936_点火统一案例总表 20260611版全量更新_285案例.md,,散户亏损,empty ID or name,"{""案例名称"": ""散户亏损""}"
1912535474334138936_点火统一案例总表 20260611版全量更新_285案例.md,,巴菲特,empty ID or name,"{""案例名称"": ""巴菲特""}"
1912535474334138936_点火统一案例总表 20260611版全量更新_285案例.md,,认知扩张但收益不涨,empty ID or name,"{""案例名称"": ""认知扩张但收益不涨""}"
1912535474334138936_点火统一案例总表 20260611版全量更新_285案例.md,,D86乘法归零验证,empty ID or name,"{""案例名称"": ""D86乘法归零验证""}"
1912535474334138936_点火统一案例总表 20260611版全量更新_285案例.md,,D126三效率归零验证,empty ID or name,"{""案例名称"": ""D126三效率归零验证""}"
1912535474334138936_点火统一案例总表 20260611版全量更新_285案例.md,,D124四卡点归零验证,empty ID or name,"{""案例名称"": ""D124四卡点归零验证""}"
1912535474334138936_点火统一案例总表 20260611版全量更新_285案例.md,,D121三因子归零验证,empty ID or name,"{""案例名称"": ""D121三因子归零验证""}"
1912535474334138936_点火统一案例总表 20260611版全量更新_285案例.md,,D69自举激活归零验证,empty ID or name,"{""案例名称"": ""D69自举激活归零验证""}"
1912535474334138936_点火统一案例总表 20260611版全量更新_285案例.md,,D23法治度归零验证,empty ID or name,"{""案例名称"": ""D23法治度归零验证""}"
1912535474334138936_点火统一案例总表 20260611版全量更新_285案例.md,,D33六因子退化归零验证,empty ID or name,"{""案例名称"": ""D33六因子退化归零验证""}"
1912535474334138936_点火统一案例总表 20260611版全量更新_285案例.md,,D41充分条件归零验证,empty ID or name,"{""案例名称"": ""D41充分条件归零验证""}"
1912535474334138936_点火统一案例总表 20260611版全量更新_285案例.md,,D127+D123深层同构,empty ID or name,"{""案例名称"": ""D127+D123深层同构""}"
1912535474334138936_点火统一案例总表 20260611版全量更新_285案例.md,,D123与D36倒U型同构,empty ID or name,"{""案例名称"": ""D123与D36倒U型同构""}"
1912535474334138936_点火统一案例总表 20260611版全量更新_285案例.md,,D124与D126时间尺度同构,empty ID or name,"{""案例名称"": ""D124与D126时间尺度同构""}"
1912535474334138936_点火统一案例总表 20260611版全量更新_285案例.md,,D125与D62天花板-实际高度,empty ID or name,"{""案例名称"": ""D125与D62天花板-实际高度""}"
1912535474334138936_点火统一案例总表 20260611版全量更新_285案例.md,,D128 Ψ三维生存域,empty ID or name,"{""案例名称"": ""D128 Ψ三维生存域""}"
1912535474334138936_点火统一案例总表 20260611版全量更新_285案例.md,,D126三效率冲突=生存域收缩,empty ID or name,"{""案例名称"": ""D126三效率冲突=生存域收缩""}"
1912535474334138936_点火统一案例总表 20260611版全量更新_285案例.md,,D121 r_cross三维生存域,empty ID or name,"{""案例名称"": ""D121 r_cross三维生存域""}"
1912535474334138936_点火统一案例总表 20260611版全量更新_285案例.md,,生存域随因子数收缩,empty ID or name,"{""案例名称"": ""生存域随因子数收缩""}"
1912535474334138936_点火统一案例总表 20260611版全量更新_285案例.md,,最弱因子决定生存域,empty ID or name,"{""案例名称"": ""最弱因子决定生存域""}"
1912535474334138936_点火统一案例总表 20260611版全量更新_285案例.md,,优化方向冲突,empty ID or name,"{""案例名称"": ""优化方向冲突""}"
